<?xml version="1.0" encoding="utf-8"?>
<OpenSimDocument Version="30000">
   <ForceSet name="LowerBody_RRA">
      <objects>
         <PointActuator name="FX"><!--Name of Body to which this actuator is applied.--><!--Location of application point; in body frame unless point_is_global=true--><!--Force application direction; in body frame unless force_is_global=true.--><!--The maximum force produced by this actuator when fully activated.-->
            <body>pelvis</body>
            <point>-0.069901 0 0</point>
            <direction>1 0 0</direction>
            <optimal_force>100</optimal_force>
            <min_control>-Inf</min_control>
            <max_control>Inf</max_control>
         </PointActuator>
         <PointActuator name="FY"><!--Name of Body to which this actuator is applied.--><!--Location of application point; in body frame unless point_is_global=true--><!--Force application direction; in body frame unless force_is_global=true.--><!--The maximum force produced by this actuator when fully activated.-->
            <body>pelvis</body>
            <point>-0.069901 0 0</point>
            <direction>0 1 0</direction>
            <optimal_force>100</optimal_force>
            <min_control>-Inf</min_control>
            <max_control>Inf</max_control>
         </PointActuator>
         <PointActuator name="FZ"><!--Name of Body to which this actuator is applied.--><!--Location of application point; in body frame unless point_is_global=true--><!--Force application direction; in body frame unless force_is_global=true.--><!--The maximum force produced by this actuator when fully activated.-->
            <body>pelvis</body>
            <point>-0.069901 0 0</point>
            <direction>0 0 1</direction>
            <optimal_force>100</optimal_force>
            <min_control>-Inf</min_control>
            <max_control>Inf</max_control>
         </PointActuator>
         <TorqueActuator name="MX"><!--Name of Body to which the torque actuator is applied.--><!--Name of Body to which the equal and opposite torque is applied.--><!--Fixed direction about which torque is applied, in Ground or body A frame depending on 'torque_is_global' property.--><!--The maximum torque produced by this actuator when fully activated.-->
            <bodyA>pelvis</bodyA>
            <bodyB>ground</bodyB>
            <axis>1 0 0</axis>
            <optimal_force>80</optimal_force>
            <min_control>-Inf</min_control>
            <max_control>Inf</max_control>
            <direction>1 0 0</direction>
         </TorqueActuator>
         <TorqueActuator name="MY"><!--Name of Body to which the torque actuator is applied.--><!--Name of Body to which the equal and opposite torque is applied.--><!--Fixed direction about which torque is applied, in Ground or body A frame depending on 'torque_is_global' property.--><!--The maximum torque produced by this actuatActuaor when fully activated.-->
            <bodyA>pelvis</bodyA>
            <bodyB>ground</bodyB>
            <axis>0 1 0</axis>
            <optimal_force>80</optimal_force>
            <min_control>-Inf</min_control>
            <max_control>Inf</max_control>
            <direction>0 1 0</direction>
         </TorqueActuator>
         <TorqueActuator name="MZ"><!--Name of Body to which the torque actuator is applied.--><!--Name of Body to which the equal and opposite torque is applied.--><!--Fixed direction about which torque is applied, in Ground or body A frame depending on 'torque_is_global' property.--><!--The maximum torque produced by this actuator when fully activated.-->
            <bodyA>pelvis</bodyA>
            <bodyB>ground</bodyB>
            <axis>0 0 1</axis>
            <optimal_force>80</optimal_force>
            <min_control>-Inf</min_control>
            <max_control>Inf</max_control>
            <direction>0 0 1</direction>
         </TorqueActuator>
         <CoordinateActuator name="hip_flexion_r_reserve"><!--Name of the generalized coordinate to which the actuator applies.--><!--The maximum generalized force produced by this actuator.-->
            <coordinate>hip_flexion_r</coordinate>
            <optimal_force>1</optimal_force>
            <min_control>-1</min_control>
            <max_control>1</max_control>
         </CoordinateActuator>
         <CoordinateActuator name="hip_adduction_r_reserve"><!--Name of the generalized coordinate to which the actuator applies.--><!--The maximum generalized force produced by this actuator.-->
            <coordinate>hip_adduction_r</coordinate>
            <optimal_force>1</optimal_force>
            <min_control>-1</min_control>
            <max_control>1</max_control>
         </CoordinateActuator>
         <CoordinateActuator name="hip_rotation_r_reserve"><!--Name of the generalized coordinate to which the actuator applies.--><!--The maximum generalized force produced by this actuator.-->
            <coordinate>hip_rotation_r</coordinate>
            <optimal_force>1</optimal_force>
            <min_control>-1</min_control>
            <max_control>1</max_control>
         </CoordinateActuator>
         <CoordinateActuator name="knee_angle_r_reserve"><!--Name of the generalized coordinate to which the actuator applies.--><!--The maximum generalized force produced by this actuator.-->
            <coordinate>knee_angle_r</coordinate>
            <optimal_force>1</optimal_force>
            <min_control>-1</min_control>
            <max_control>1</max_control>
         </CoordinateActuator>
         <CoordinateActuator name="ankle_angle_r_reserve"><!--Name of the generalized coordinate to which the actuator applies.--><!--The maximum generalized force produced by this actuator.-->
            <coordinate>ankle_angle_r</coordinate>
            <optimal_force>1</optimal_force>
            <min_control>-1</min_control>
            <max_control>1</max_control>
         </CoordinateActuator>
         <CoordinateActuator name="hip_flexion_l_reserve"><!--Name of the generalized coordinate to which the actuator applies.--><!--The maximum generalized force produced by this actuator.-->
            <coordinate>hip_flexion_l</coordinate>
            <optimal_force>1</optimal_force>
            <min_control>-1</min_control>
            <max_control>1</max_control>
         </CoordinateActuator>
         <CoordinateActuator name="hip_adduction_l_reserve"><!--Name of the generalized coordinate to which the actuator applies.--><!--The maximum generalized force produced by this actuator.-->
            <coordinate>hip_adduction_l</coordinate>
            <optimal_force>1</optimal_force>
            <min_control>-1</min_control>
            <max_control>1</max_control>
         </CoordinateActuator>
         <CoordinateActuator name="hip_rotation_l_reserve"><!--Name of the generalized coordinate to which the actuator applies.--><!--The maximum generalized force produced by this actuator.-->
            <coordinate>hip_rotation_l</coordinate>
            <optimal_force>1</optimal_force>
            <min_control>-1</min_control>
            <max_control>1</max_control>
         </CoordinateActuator>
         <CoordinateActuator name="knee_angle_l_reserve"><!--Name of the generalized coordinate to which the actuator applies.--><!--The maximum generalized force produced by this actuator.-->
            <coordinate>knee_angle_l</coordinate>
            <optimal_force>1</optimal_force>
            <min_control>-1</min_control>
            <max_control>1</max_control>
         </CoordinateActuator>
         <CoordinateActuator name="ankle_angle_l_reserve"><!--Name of the generalized coordinate to which the actuator applies.--><!--The maximum generalized force produced by this actuator.-->
            <coordinate>ankle_angle_l</coordinate>
            <optimal_force>1</optimal_force>
            <min_control>-1</min_control>
            <max_control>1</max_control>
         </CoordinateActuator>
         <CoordinateActuator name="lumbar_extension_reserve"><!--Name of the generalized coordinate to which the actuator applies.--><!--The maximum generalized force produced by this actuator.-->
            <coordinate>lumbar_extension</coordinate>
            <optimal_force>800</optimal_force>
            <min_control>-1</min_control>
            <max_control>1</max_control>
         </CoordinateActuator>
         <CoordinateActuator name="lumbar_bending_reserve"><!--Name of the generalized coordinate to which the actuator applies.--><!--The maximum generalized force produced by this actuator.-->
            <coordinate>lumbar_bending</coordinate>
            <optimal_force>800</optimal_force>
            <min_control>-1</min_control>
            <max_control>1</max_control>
         </CoordinateActuator>
         <CoordinateActuator name="lumbar_rotation_reserve"><!--Name of the generalized coordinate to which the actuator applies.--><!--The maximum generalized force produced by this actuator.-->
            <coordinate>lumbar_rotation</coordinate>
            <optimal_force>800</optimal_force>
            <min_control>-1</min_control>
            <max_control>1</max_control>
         </CoordinateActuator>
         <CoordinateActuator name="arm_flex_r"><!--Name of the generalized coordinate to which the actuator applies.--><!--The maximum generalized force produced by this actuator.-->
            <coordinate>arm_flex_r</coordinate>
            <optimal_force>800</optimal_force>
            <min_control>-1</min_control>
            <max_control>1</max_control>
         </CoordinateActuator>
         <CoordinateActuator name="arm_add_r"><!--Name of the generalized coordinate to which the actuator applies.--><!--The maximum generalized force produced by this actuator.-->
            <coordinate>arm_add_r</coordinate>
            <optimal_force>800</optimal_force>
            <min_control>-1</min_control>
            <max_control>1</max_control>
         </CoordinateActuator>
         <CoordinateActuator name="arm_rot_r"><!--Name of the generalized coordinate to which the actuator applies.--><!--The maximum generalized force produced by this actuator.-->
            <coordinate>arm_rot_r</coordinate>
            <optimal_force>800</optimal_force>
            <min_control>-1</min_control>
            <max_control>1</max_control>
         </CoordinateActuator>
         <CoordinateActuator name="elbow_flex_r"><!--Name of the generalized coordinate to which the actuator applies.--><!--The maximum generalized force produced by this actuator.-->
            <coordinate>elbow_flex_r</coordinate>
            <optimal_force>800</optimal_force>
            <min_control>-1</min_control>
            <max_control>1</max_control>
         </CoordinateActuator>
         <CoordinateActuator name="pro_sup_r"><!--Name of the generalized coordinate to which the actuator applies.--><!--The maximum generalized force produced by this actuator.-->
            <coordinate>pro_sup_r</coordinate>
            <optimal_force>800</optimal_force>
            <min_control>-1</min_control>
            <max_control>1</max_control>
         </CoordinateActuator>
         <CoordinateActuator name="arm_flex_l"><!--Name of the generalized coordinate to which the actuator applies.--><!--The maximum generalized force produced by this actuator.-->
            <coordinate>arm_flex_l</coordinate>
            <optimal_force>800</optimal_force>
            <min_control>-1</min_control>
            <max_control>1</max_control>
         </CoordinateActuator>
         <CoordinateActuator name="arm_add_l"><!--Name of the generalized coordinate to which the actuator applies.--><!--The maximum generalized force produced by this actuator.-->
            <coordinate>arm_add_l</coordinate>
            <optimal_force>800</optimal_force>
            <min_control>-1</min_control>
            <max_control>1</max_control>
         </CoordinateActuator>
         <CoordinateActuator name="arm_rot_l"><!--Name of the generalized coordinate to which the actuator applies.--><!--The maximum generalized force produced by this actuator.-->
            <coordinate>arm_rot_l</coordinate>
            <optimal_force>800</optimal_force>
            <min_control>-1</min_control>
            <max_control>1</max_control>
         </CoordinateActuator>
         <CoordinateActuator name="elbow_flex_l"><!--Name of the generalized coordinate to which the actuator applies.--><!--The maximum generalized force produced by this actuator.-->
            <coordinate>elbow_flex_l</coordinate>
            <optimal_force>800</optimal_force>
            <min_control>-1</min_control>
            <max_control>1</max_control>
         </CoordinateActuator>
         <CoordinateActuator name="pro_sup_l"><!--Name of the generalized coordinate to which the actuator applies.--><!--The maximum generalized force produced by this actuator.-->
            <coordinate>pro_sup_l</coordinate>
            <optimal_force>800</optimal_force>
            <min_control>-1</min_control>
            <max_control>1</max_control>
         </CoordinateActuator>
      </objects>
   </ForceSet>
</OpenSimDocument>