<?xml version="1.0" encoding="utf-8"?>
<OpenSimDocument Version="40000">
   <ExternalLoads name="externalloads">
      <objects>
         <ExternalForce name="grf_r_2"><!--Name of the body the force is applied to.--><!--Name of the body the force is expressed in (default is ground).--><!--Name of the body the point is expressed in (default is ground).--><!--Identifier (string) to locate the force to be applied in the data source.--><!--Identifier (string) to locate the point to be applied in the data source.--><!--Identifier (string) to locate the torque to be applied in the data source.--><!--Name of the data source (Storage) that will supply the force data.--><applied_to_body>calcn_r</applied_to_body>
            <force_expressed_in_body>ground</force_expressed_in_body>
            <point_expressed_in_body>ground</point_expressed_in_body>
            <force_identifier>ground_force_2_v</force_identifier>
            <point_identifier>ground_force_2_p</point_identifier>
            <torque_identifier>ground_moment_2_m</torque_identifier>
         </ExternalForce>
         <ExternalForce name="grf_l_1"><!--Name of the body the force is applied to.--><!--Name of the body the force is expressed in (default is ground).--><!--Name of the body the point is expressed in (default is ground).--><!--Identifier (string) to locate the force to be applied in the data source.--><!--Identifier (string) to locate the point to be applied in the data source.--><!--Identifier (string) to locate the torque to be applied in the data source.--><!--Name of the data source (Storage) that will supply the force data.--><applied_to_body>calcn_l</applied_to_body>
            <force_expressed_in_body>ground</force_expressed_in_body>
            <point_expressed_in_body>ground</point_expressed_in_body>
            <force_identifier>ground_force_1_v</force_identifier>
            <point_identifier>ground_force_1_p</point_identifier>
            <torque_identifier>ground_moment_1_m</torque_identifier>
         </ExternalForce>
         <ExternalForce name="grf_l_3"><!--Name of the body the force is applied to.--><!--Name of the body the force is expressed in (default is ground).--><!--Name of the body the point is expressed in (default is ground).--><!--Identifier (string) to locate the force to be applied in the data source.--><!--Identifier (string) to locate the point to be applied in the data source.--><!--Identifier (string) to locate the torque to be applied in the data source.--><!--Name of the data source (Storage) that will supply the force data.--><applied_to_body>calcn_l</applied_to_body>
            <force_expressed_in_body>ground</force_expressed_in_body>
            <point_expressed_in_body>ground</point_expressed_in_body>
            <force_identifier>ground_force_3_v</force_identifier>
            <point_identifier>ground_force_3_p</point_identifier>
            <torque_identifier>ground_moment_3_m</torque_identifier>
         </ExternalForce>
      </objects>
      <!--Storage file (.sto) containing (3) components of force and/or torque and point of application.Note: this file overrides the data source specified by the individual external forces if specified.--><!--The option is deprecated and unnecessary to apply external loads. A motion file (.mot) or storage file (.sto) containing the model kinematics used to transform a point expressed in ground to the body of force application.If the point is not expressed in ground, the point is not transformed--><!--Optional low-pass cut-off frequency for filtering the model kinematics corresponding used to transform the point of application. A negative value results in no filtering. The default value is -1.0, so no filtering.--><datafile>grf.mot</datafile>
      <lowpass_cutoff_frequency_for_load_kinematics>6</lowpass_cutoff_frequency_for_load_kinematics>
   </ExternalLoads>
</OpenSimDocument>