<?xml version="1.0" encoding="UTF-8" ?>
<OpenSimDocument Version="40000">
	<InverseKinematicsTool>
		<!--Name of the directory where results are written. Be default this is the directory in which the setup file is be  executed.-->
		<results_directory>C:\Git\research_data\ESMAC_2023\simulations\P03\pre\8_Dynamic03_bg_model_bg2_actuators_setup_l</results_directory>
		<!--The time range for the study.-->
		<time_range>2.3066666666666666 3.2133333333333329</time_range>
		<!--Name of the resulting inverse kinematics motion (.mot) file.-->
		<output_motion_file>.\ik.mot</output_motion_file>
		<!--Markers and coordinates to be considered (tasks) and their weightings. The sum of weighted-squared task errors composes the cost function.-->
		<IKTaskSet>
			<objects>
				<IKMarkerTask name="STRN">
					<!--Whether or not this task will be used during inverse kinematics solve, default is true.-->
					<apply>true</apply>
					<!--Weight given to the task when solving inverse kinematics problems, default is 0.-->
					<weight>1</weight>
				</IKMarkerTask>
				<IKMarkerTask name="C7">
					<!--Whether or not this task will be used during inverse kinematics solve, default is true.-->
					<apply>true</apply>
					<!--Weight given to the task when solving inverse kinematics problems, default is 0.-->
					<weight>1</weight>
				</IKMarkerTask>
				<IKMarkerTask name="T10">
					<!--Whether or not this task will be used during inverse kinematics solve, default is true.-->
					<apply>true</apply>
					<!--Weight given to the task when solving inverse kinematics problems, default is 0.-->
					<weight>1</weight>
				</IKMarkerTask>
				<IKMarkerTask name="CLAV">
					<!--Whether or not this task will be used during inverse kinematics solve, default is true.-->
					<apply>true</apply>
					<!--Weight given to the task when solving inverse kinematics problems, default is 0.-->
					<weight>1</weight>
				</IKMarkerTask>
				<IKMarkerTask name="RBAK">
					<!--Whether or not this task will be used during inverse kinematics solve, default is true.-->
					<apply>false</apply>
					<!--Weight given to the task when solving inverse kinematics problems, default is 0.-->
					<weight>1</weight>
				</IKMarkerTask>
				<IKMarkerTask name="RASI">
					<!--Whether or not this task will be used during inverse kinematics solve, default is true.-->
					<apply>true</apply>
					<!--Weight given to the task when solving inverse kinematics problems, default is 0.-->
					<weight>10</weight>
				</IKMarkerTask>
				<IKMarkerTask name="LASI">
					<!--Whether or not this task will be used during inverse kinematics solve, default is true.-->
					<apply>true</apply>
					<!--Weight given to the task when solving inverse kinematics problems, default is 0.-->
					<weight>10</weight>
				</IKMarkerTask>
				<IKMarkerTask name="SACR">
					<!--Whether or not this task will be used during inverse kinematics solve, default is true.-->
					<apply>true</apply>
					<!--Weight given to the task when solving inverse kinematics problems, default is 0.-->
					<weight>10</weight>
				</IKMarkerTask>
				<IKMarkerTask name="LT1">
					<!--Whether or not this task will be used during inverse kinematics solve, default is true.-->
					<apply>true</apply>
					<!--Weight given to the task when solving inverse kinematics problems, default is 0.-->
					<weight>5</weight>
				</IKMarkerTask>
				<IKMarkerTask name="LT3">
					<!--Whether or not this task will be used during inverse kinematics solve, default is true.-->
					<apply>true</apply>
					<!--Weight given to the task when solving inverse kinematics problems, default is 0.-->
					<weight>5</weight>
				</IKMarkerTask>
				<IKMarkerTask name="LT2">
					<!--Whether or not this task will be used during inverse kinematics solve, default is true.-->
					<apply>true</apply>
					<!--Weight given to the task when solving inverse kinematics problems, default is 0.-->
					<weight>5</weight>
				</IKMarkerTask>
				<IKMarkerTask name="LKNE">
					<!--Whether or not this task will be used during inverse kinematics solve, default is true.-->
					<apply>true</apply>
					<!--Weight given to the task when solving inverse kinematics problems, default is 0.-->
					<weight>1</weight>
				</IKMarkerTask>
				<IKMarkerTask name="LKNM">
					<!--Whether or not this task will be used during inverse kinematics solve, default is true.-->
					<apply>false</apply>
					<!--Weight given to the task when solving inverse kinematics problems, default is 0.-->
					<weight>1</weight>
				</IKMarkerTask>
				<IKMarkerTask name="LS1">
					<!--Whether or not this task will be used during inverse kinematics solve, default is true.-->
					<apply>true</apply>
					<!--Weight given to the task when solving inverse kinematics problems, default is 0.-->
					<weight>5</weight>
				</IKMarkerTask>
				<IKMarkerTask name="LS3">
					<!--Whether or not this task will be used during inverse kinematics solve, default is true.-->
					<apply>true</apply>
					<!--Weight given to the task when solving inverse kinematics problems, default is 0.-->
					<weight>5</weight>
				</IKMarkerTask>
				<IKMarkerTask name="LS2">
					<!--Whether or not this task will be used during inverse kinematics solve, default is true.-->
					<apply>true</apply>
					<!--Weight given to the task when solving inverse kinematics problems, default is 0.-->
					<weight>5</weight>
				</IKMarkerTask>
				<IKMarkerTask name="LANK">
					<!--Whether or not this task will be used during inverse kinematics solve, default is true.-->
					<apply>true</apply>
					<!--Weight given to the task when solving inverse kinematics problems, default is 0.-->
					<weight>5</weight>
				</IKMarkerTask>
				<IKMarkerTask name="LANM">
					<!--Whether or not this task will be used during inverse kinematics solve, default is true.-->
					<apply>false</apply>
					<!--Weight given to the task when solving inverse kinematics problems, default is 0.-->
					<weight>1</weight>
				</IKMarkerTask>
				<IKMarkerTask name="LHEE">
					<!--Whether or not this task will be used during inverse kinematics solve, default is true.-->
					<apply>true</apply>
					<!--Weight given to the task when solving inverse kinematics problems, default is 0.-->
					<weight>1</weight>
				</IKMarkerTask>
				<IKMarkerTask name="LTOE">
					<!--Whether or not this task will be used during inverse kinematics solve, default is true.-->
					<apply>true</apply>
					<!--Weight given to the task when solving inverse kinematics problems, default is 0.-->
					<weight>1</weight>
				</IKMarkerTask>
				<IKMarkerTask name="LKJC">
					<!--Whether or not this task will be used during inverse kinematics solve, default is true.-->
					<apply>false</apply>
					<!--Weight given to the task when solving inverse kinematics problems, default is 0.-->
					<weight>1</weight>
				</IKMarkerTask>
				<IKMarkerTask name="LAJC">
					<!--Whether or not this task will be used during inverse kinematics solve, default is true.-->
					<apply>false</apply>
					<!--Weight given to the task when solving inverse kinematics problems, default is 0.-->
					<weight>1</weight>
				</IKMarkerTask>
				<IKMarkerTask name="RT1">
					<!--Whether or not this task will be used during inverse kinematics solve, default is true.-->
					<apply>true</apply>
					<!--Weight given to the task when solving inverse kinematics problems, default is 0.-->
					<weight>5</weight>
				</IKMarkerTask>
				<IKMarkerTask name="RT3">
					<!--Whether or not this task will be used during inverse kinematics solve, default is true.-->
					<apply>true</apply>
					<!--Weight given to the task when solving inverse kinematics problems, default is 0.-->
					<weight>5</weight>
				</IKMarkerTask>
				<IKMarkerTask name="RT2">
					<!--Whether or not this task will be used during inverse kinematics solve, default is true.-->
					<apply>true</apply>
					<!--Weight given to the task when solving inverse kinematics problems, default is 0.-->
					<weight>5</weight>
				</IKMarkerTask>
				<IKMarkerTask name="RKNE">
					<!--Whether or not this task will be used during inverse kinematics solve, default is true.-->
					<apply>true</apply>
					<!--Weight given to the task when solving inverse kinematics problems, default is 0.-->
					<weight>1</weight>
				</IKMarkerTask>
				<IKMarkerTask name="RKNM">
					<!--Whether or not this task will be used during inverse kinematics solve, default is true.-->
					<apply>false</apply>
					<!--Weight given to the task when solving inverse kinematics problems, default is 0.-->
					<weight>1</weight>
				</IKMarkerTask>
				<IKMarkerTask name="RS1">
					<!--Whether or not this task will be used during inverse kinematics solve, default is true.-->
					<apply>true</apply>
					<!--Weight given to the task when solving inverse kinematics problems, default is 0.-->
					<weight>5</weight>
				</IKMarkerTask>
				<IKMarkerTask name="RS3">
					<!--Whether or not this task will be used during inverse kinematics solve, default is true.-->
					<apply>true</apply>
					<!--Weight given to the task when solving inverse kinematics problems, default is 0.-->
					<weight>5</weight>
				</IKMarkerTask>
				<IKMarkerTask name="RS2">
					<!--Whether or not this task will be used during inverse kinematics solve, default is true.-->
					<apply>true</apply>
					<!--Weight given to the task when solving inverse kinematics problems, default is 0.-->
					<weight>5</weight>
				</IKMarkerTask>
				<IKMarkerTask name="RANK">
					<!--Whether or not this task will be used during inverse kinematics solve, default is true.-->
					<apply>true</apply>
					<!--Weight given to the task when solving inverse kinematics problems, default is 0.-->
					<weight>1</weight>
				</IKMarkerTask>
				<IKMarkerTask name="RANM">
					<!--Whether or not this task will be used during inverse kinematics solve, default is true.-->
					<apply>false</apply>
					<!--Weight given to the task when solving inverse kinematics problems, default is 0.-->
					<weight>1</weight>
				</IKMarkerTask>
				<IKMarkerTask name="RHEE">
					<!--Whether or not this task will be used during inverse kinematics solve, default is true.-->
					<apply>true</apply>
					<!--Weight given to the task when solving inverse kinematics problems, default is 0.-->
					<weight>1</weight>
				</IKMarkerTask>
				<IKMarkerTask name="RTOE">
					<!--Whether or not this task will be used during inverse kinematics solve, default is true.-->
					<apply>true</apply>
					<!--Weight given to the task when solving inverse kinematics problems, default is 0.-->
					<weight>1</weight>
				</IKMarkerTask>
				<IKMarkerTask name="RKJC">
					<!--Whether or not this task will be used during inverse kinematics solve, default is true.-->
					<apply>false</apply>
					<!--Weight given to the task when solving inverse kinematics problems, default is 0.-->
					<weight>1</weight>
				</IKMarkerTask>
				<IKMarkerTask name="RAJC">
					<!--Whether or not this task will be used during inverse kinematics solve, default is true.-->
					<apply>false</apply>
					<!--Weight given to the task when solving inverse kinematics problems, default is 0.-->
					<weight>1</weight>
				</IKMarkerTask>
			</objects>
			<groups />
		</IKTaskSet>
		<!--TRC file (.trc) containing the time history of observations of marker positions obtained during a motion capture experiment. Markers in this file that have a corresponding task and model marker are included.-->
		<marker_file>.\marker_experimental.trc</marker_file>
		<!--Flag indicating whether or not to report model marker locations. Note, model marker locations are expressed in Ground.-->
		<report_marker_locations>true</report_marker_locations>
	</InverseKinematicsTool>
</OpenSimDocument>
