<?xml version="1.0" encoding="UTF-8" ?>
<OpenSimDocument Version="40000">
	<ScaleSet name="ScaleSet">
		<objects>
			<Scale>
				<scales> 1 1 1</scales>
				<segment>ground</segment>
				<apply>true</apply>
			</Scale>
			<Scale>
				<scales> 1.03033 1.05599 0.984299</scales>
				<segment>pelvis</segment>
				<apply>true</apply>
			</Scale>
			<Scale>
				<scales> 0.904865 0.904865 0.904865</scales>
				<segment>femur_r</segment>
				<apply>true</apply>
			</Scale>
			<Scale>
				<scales> 1.04204 1.04204 1.04204</scales>
				<segment>tibia_r</segment>
				<apply>true</apply>
			</Scale>
			<Scale>
				<scales> 0.904865 0.904865 0.904865</scales>
				<segment>patella_r</segment>
				<apply>true</apply>
			</Scale>
			<Scale>
				<scales> 0.834421 0.834421 1.21027</scales>
				<segment>talus_r</segment>
				<apply>true</apply>
			</Scale>
			<Scale>
				<scales> 0.875293 0.834421 0.834421</scales>
				<segment>calcn_r</segment>
				<apply>true</apply>
			</Scale>
			<Scale>
				<scales> 0.834421 0.834421 0.834421</scales>
				<segment>toes_r</segment>
				<apply>true</apply>
			</Scale>
			<Scale>
				<scales> 0.924185 0.924185 0.924185</scales>
				<segment>femur_l</segment>
				<apply>true</apply>
			</Scale>
			<Scale>
				<scales> 1.04516 1.04516 1.04516</scales>
				<segment>tibia_l</segment>
				<apply>true</apply>
			</Scale>
			<Scale>
				<scales> 0.924185 0.924185 0.924185</scales>
				<segment>patella_l</segment>
				<apply>true</apply>
			</Scale>
			<Scale>
				<scales> 0.869242 0.869242 1.16415</scales>
				<segment>talus_l</segment>
				<apply>true</apply>
			</Scale>
			<Scale>
				<scales> 0.842243 0.842243 0.842243</scales>
				<segment>calcn_l</segment>
				<apply>true</apply>
			</Scale>
			<Scale>
				<scales> 0.869242 0.869242 0.869242</scales>
				<segment>toes_l</segment>
				<apply>true</apply>
			</Scale>
			<Scale>
				<scales> 0.844913 0.949986 0.984299</scales>
				<segment>torso</segment>
				<apply>true</apply>
			</Scale>
			<Scale>
				<scales> 1 1 1</scales>
				<segment>humerus_r</segment>
				<apply>true</apply>
			</Scale>
			<Scale>
				<scales> 1 1 1</scales>
				<segment>ulna_r</segment>
				<apply>true</apply>
			</Scale>
			<Scale>
				<scales> 1 1 1</scales>
				<segment>radius_r</segment>
				<apply>true</apply>
			</Scale>
			<Scale>
				<scales> 1 1 1</scales>
				<segment>hand_r</segment>
				<apply>true</apply>
			</Scale>
			<Scale>
				<scales> 1 1 1</scales>
				<segment>humerus_l</segment>
				<apply>true</apply>
			</Scale>
			<Scale>
				<scales> 1 1 1</scales>
				<segment>ulna_l</segment>
				<apply>true</apply>
			</Scale>
			<Scale>
				<scales> 1 1 1</scales>
				<segment>radius_l</segment>
				<apply>true</apply>
			</Scale>
			<Scale>
				<scales> 1 1 1</scales>
				<segment>hand_l</segment>
				<apply>true</apply>
			</Scale>
			<Scale>
				<scales> 1 1 1</scales>
				<segment>ground_offset</segment>
				<apply>true</apply>
			</Scale>
			<Scale>
				<scales> 1 1 1</scales>
				<segment>pelvis_offset</segment>
				<apply>true</apply>
			</Scale>
			<Scale>
				<scales> 1 1 1</scales>
				<segment>pelvis_offset</segment>
				<apply>true</apply>
			</Scale>
			<Scale>
				<scales> 1 1 1</scales>
				<segment>femur_r_offset</segment>
				<apply>true</apply>
			</Scale>
			<Scale>
				<scales> 1 1 1</scales>
				<segment>femur_r_offset</segment>
				<apply>true</apply>
			</Scale>
			<Scale>
				<scales> 1 1 1</scales>
				<segment>tibia_r_offset</segment>
				<apply>true</apply>
			</Scale>
			<Scale>
				<scales> 1 1 1</scales>
				<segment>femur_r_offset</segment>
				<apply>true</apply>
			</Scale>
			<Scale>
				<scales> 1 1 1</scales>
				<segment>patella_r_offset</segment>
				<apply>true</apply>
			</Scale>
			<Scale>
				<scales> 1 1 1</scales>
				<segment>tibia_r_offset</segment>
				<apply>true</apply>
			</Scale>
			<Scale>
				<scales> 1 1 1</scales>
				<segment>talus_r_offset</segment>
				<apply>true</apply>
			</Scale>
			<Scale>
				<scales> 1 1 1</scales>
				<segment>talus_r_offset</segment>
				<apply>true</apply>
			</Scale>
			<Scale>
				<scales> 1 1 1</scales>
				<segment>calcn_r_offset</segment>
				<apply>true</apply>
			</Scale>
			<Scale>
				<scales> 1 1 1</scales>
				<segment>calcn_r_offset</segment>
				<apply>true</apply>
			</Scale>
			<Scale>
				<scales> 1 1 1</scales>
				<segment>toes_r_offset</segment>
				<apply>true</apply>
			</Scale>
			<Scale>
				<scales> 1 1 1</scales>
				<segment>pelvis_offset</segment>
				<apply>true</apply>
			</Scale>
			<Scale>
				<scales> 1 1 1</scales>
				<segment>femur_l_offset</segment>
				<apply>true</apply>
			</Scale>
			<Scale>
				<scales> 1 1 1</scales>
				<segment>femur_l_offset</segment>
				<apply>true</apply>
			</Scale>
			<Scale>
				<scales> 1 1 1</scales>
				<segment>tibia_l_offset</segment>
				<apply>true</apply>
			</Scale>
			<Scale>
				<scales> 1 1 1</scales>
				<segment>femur_l_offset</segment>
				<apply>true</apply>
			</Scale>
			<Scale>
				<scales> 1 1 1</scales>
				<segment>patella_l_offset</segment>
				<apply>true</apply>
			</Scale>
			<Scale>
				<scales> 1 1 1</scales>
				<segment>tibia_l_offset</segment>
				<apply>true</apply>
			</Scale>
			<Scale>
				<scales> 1 1 1</scales>
				<segment>talus_l_offset</segment>
				<apply>true</apply>
			</Scale>
			<Scale>
				<scales> 1 1 1</scales>
				<segment>talus_l_offset</segment>
				<apply>true</apply>
			</Scale>
			<Scale>
				<scales> 1 1 1</scales>
				<segment>calcn_l_offset</segment>
				<apply>true</apply>
			</Scale>
			<Scale>
				<scales> 1 1 1</scales>
				<segment>calcn_l_offset</segment>
				<apply>true</apply>
			</Scale>
			<Scale>
				<scales> 1 1 1</scales>
				<segment>toes_l_offset</segment>
				<apply>true</apply>
			</Scale>
			<Scale>
				<scales> 1 1 1</scales>
				<segment>pelvis_offset</segment>
				<apply>true</apply>
			</Scale>
			<Scale>
				<scales> 1 1 1</scales>
				<segment>torso_offset</segment>
				<apply>true</apply>
			</Scale>
			<Scale>
				<scales> 1 1 1</scales>
				<segment>torso_offset</segment>
				<apply>true</apply>
			</Scale>
			<Scale>
				<scales> 1 1 1</scales>
				<segment>humerus_r_offset</segment>
				<apply>true</apply>
			</Scale>
			<Scale>
				<scales> 1 1 1</scales>
				<segment>humerus_r_offset</segment>
				<apply>true</apply>
			</Scale>
			<Scale>
				<scales> 1 1 1</scales>
				<segment>ulna_r_offset</segment>
				<apply>true</apply>
			</Scale>
			<Scale>
				<scales> 1 1 1</scales>
				<segment>ulna_r_offset</segment>
				<apply>true</apply>
			</Scale>
			<Scale>
				<scales> 1 1 1</scales>
				<segment>radius_r_offset</segment>
				<apply>true</apply>
			</Scale>
			<Scale>
				<scales> 1 1 1</scales>
				<segment>radius_r_offset</segment>
				<apply>true</apply>
			</Scale>
			<Scale>
				<scales> 1 1 1</scales>
				<segment>hand_r_offset</segment>
				<apply>true</apply>
			</Scale>
			<Scale>
				<scales> 1 1 1</scales>
				<segment>torso_offset</segment>
				<apply>true</apply>
			</Scale>
			<Scale>
				<scales> 1 1 1</scales>
				<segment>humerus_l_offset</segment>
				<apply>true</apply>
			</Scale>
			<Scale>
				<scales> 1 1 1</scales>
				<segment>humerus_l_offset</segment>
				<apply>true</apply>
			</Scale>
			<Scale>
				<scales> 1 1 1</scales>
				<segment>ulna_l_offset</segment>
				<apply>true</apply>
			</Scale>
			<Scale>
				<scales> 1 1 1</scales>
				<segment>ulna_l_offset</segment>
				<apply>true</apply>
			</Scale>
			<Scale>
				<scales> 1 1 1</scales>
				<segment>radius_l_offset</segment>
				<apply>true</apply>
			</Scale>
			<Scale>
				<scales> 1 1 1</scales>
				<segment>radius_l_offset</segment>
				<apply>true</apply>
			</Scale>
			<Scale>
				<scales> 1 1 1</scales>
				<segment>hand_l_offset</segment>
				<apply>true</apply>
			</Scale>
		</objects>
		<groups />
	</ScaleSet>
</OpenSimDocument>
