<?xml version="1.0" encoding="UTF-8" ?>
<OpenSimDocument Version="40000">
	<ScaleTool name="P03">
		<!--Mass of the subject in kg.  Subject-specific model generated by scaling step will have this total mass.-->
		<mass>47.299999999999997</mass>
		<!--Height of the subject in mm.  For informational purposes only (not used by scaling).-->
		<height>1540</height>
		<!--Age of the subject in years.  For informational purposes only (not used by scaling).-->
		<age>11</age>
		<!--Notes for the subject.-->
		<notes>Unassigned</notes>
		<!--Specifies the name of the unscaled model (.osim) and the marker set.-->
		<GenericModelMaker>
			<!--Model file (.osim) for the unscaled model.-->
			<model_file>Unassigned</model_file>
			<!--Set of model markers used to scale the model. Scaling is done based on distances between model markers compared to the same distances between the corresponding experimental markers.-->
			<marker_set_file>../../../../models/markerset_UniVie_os4.xml</marker_set_file>
		</GenericModelMaker>
		<!--Specifies parameters for scaling the model.-->
		<ModelScaler>
			<!--Whether or not to use the model scaler during scale-->
			<apply>true</apply>
			<!--Specifies the scaling method and order. Valid options are 'measurements', 'manualScale', singly or both in any sequence.-->
			<scaling_order> measurements manualScale</scaling_order>
			<!--Specifies the measurements by which body segments are to be scaled.-->
			<MeasurementSet>
				<objects>
					<Measurement name="pelvis_z">
						<!--Flag to turn on and off scaling for this measurement.-->
						<apply>true</apply>
						<!--Set of marker pairs used to determine the scale factors.-->
						<MarkerPairSet>
							<objects>
								<MarkerPair>
									<!--Names of two markers, the distance between which is used to compute a body scale factor.-->
									<markers> LASI RASI</markers>
								</MarkerPair>
							</objects>
							<groups />
						</MarkerPairSet>
						<!--Set of bodies to be scaled by this measurement.-->
						<BodyScaleSet>
							<objects>
								<BodyScale name="pelvis">
									<!--Axes (X Y Z) along which to scale a body. For example, 'X Y Z' scales along all three axes, and 'Y' scales just along the Y axis.-->
									<axes> Z</axes>
								</BodyScale>
							</objects>
							<groups />
						</BodyScaleSet>
					</Measurement>
					<Measurement name="pelvis_y">
						<!--Flag to turn on and off scaling for this measurement.-->
						<apply>true</apply>
						<!--Set of marker pairs used to determine the scale factors.-->
						<MarkerPairSet>
							<objects>
								<MarkerPair>
									<!--Names of two markers, the distance between which is used to compute a body scale factor.-->
									<markers> SACR RHJC</markers>
								</MarkerPair>
								<MarkerPair>
									<!--Names of two markers, the distance between which is used to compute a body scale factor.-->
									<markers> SACR LHJC</markers>
								</MarkerPair>
							</objects>
							<groups />
						</MarkerPairSet>
						<!--Set of bodies to be scaled by this measurement.-->
						<BodyScaleSet>
							<objects>
								<BodyScale name="pelvis">
									<!--Axes (X Y Z) along which to scale a body. For example, 'X Y Z' scales along all three axes, and 'Y' scales just along the Y axis.-->
									<axes> Y</axes>
								</BodyScale>
							</objects>
							<groups />
						</BodyScaleSet>
					</Measurement>
					<Measurement name="femur_r_y">
						<!--Flag to turn on and off scaling for this measurement.-->
						<apply>true</apply>
						<!--Set of marker pairs used to determine the scale factors.-->
						<MarkerPairSet>
							<objects>
								<MarkerPair>
									<!--Names of two markers, the distance between which is used to compute a body scale factor.-->
									<markers> RHJC RKJC</markers>
								</MarkerPair>
							</objects>
							<groups />
						</MarkerPairSet>
						<!--Set of bodies to be scaled by this measurement.-->
						<BodyScaleSet>
							<objects>
								<BodyScale name="femur_r">
									<!--Axes (X Y Z) along which to scale a body. For example, 'X Y Z' scales along all three axes, and 'Y' scales just along the Y axis.-->
									<axes> X Y Z</axes>
								</BodyScale>
								<BodyScale name="patella_r">
									<!--Axes (X Y Z) along which to scale a body. For example, 'X Y Z' scales along all three axes, and 'Y' scales just along the Y axis.-->
									<axes> X Y Z</axes>
								</BodyScale>
							</objects>
							<groups />
						</BodyScaleSet>
					</Measurement>
					<Measurement name="femur_l_y">
						<!--Flag to turn on and off scaling for this measurement.-->
						<apply>true</apply>
						<!--Set of marker pairs used to determine the scale factors.-->
						<MarkerPairSet>
							<objects>
								<MarkerPair>
									<!--Names of two markers, the distance between which is used to compute a body scale factor.-->
									<markers> LKJC LHJC</markers>
								</MarkerPair>
							</objects>
							<groups />
						</MarkerPairSet>
						<!--Set of bodies to be scaled by this measurement.-->
						<BodyScaleSet>
							<objects>
								<BodyScale name="femur_l">
									<!--Axes (X Y Z) along which to scale a body. For example, 'X Y Z' scales along all three axes, and 'Y' scales just along the Y axis.-->
									<axes> X Y Z</axes>
								</BodyScale>
								<BodyScale name="patella_l">
									<!--Axes (X Y Z) along which to scale a body. For example, 'X Y Z' scales along all three axes, and 'Y' scales just along the Y axis.-->
									<axes> X Y Z</axes>
								</BodyScale>
							</objects>
							<groups />
						</BodyScaleSet>
					</Measurement>
					<Measurement name="tibia_r_y">
						<!--Flag to turn on and off scaling for this measurement.-->
						<apply>true</apply>
						<!--Set of marker pairs used to determine the scale factors.-->
						<MarkerPairSet>
							<objects>
								<MarkerPair>
									<!--Names of two markers, the distance between which is used to compute a body scale factor.-->
									<markers> RKJC RAJC</markers>
								</MarkerPair>
							</objects>
							<groups />
						</MarkerPairSet>
						<!--Set of bodies to be scaled by this measurement.-->
						<BodyScaleSet>
							<objects>
								<BodyScale name="tibia_r">
									<!--Axes (X Y Z) along which to scale a body. For example, 'X Y Z' scales along all three axes, and 'Y' scales just along the Y axis.-->
									<axes> X Y Z</axes>
								</BodyScale>
							</objects>
							<groups />
						</BodyScaleSet>
					</Measurement>
					<Measurement name="tibia_l_y">
						<!--Flag to turn on and off scaling for this measurement.-->
						<apply>true</apply>
						<!--Set of marker pairs used to determine the scale factors.-->
						<MarkerPairSet>
							<objects>
								<MarkerPair>
									<!--Names of two markers, the distance between which is used to compute a body scale factor.-->
									<markers> LKJC LAJC</markers>
								</MarkerPair>
							</objects>
							<groups />
						</MarkerPairSet>
						<!--Set of bodies to be scaled by this measurement.-->
						<BodyScaleSet>
							<objects>
								<BodyScale name="tibia_l">
									<!--Axes (X Y Z) along which to scale a body. For example, 'X Y Z' scales along all three axes, and 'Y' scales just along the Y axis.-->
									<axes> X Y Z</axes>
								</BodyScale>
							</objects>
							<groups />
						</BodyScaleSet>
					</Measurement>
					<Measurement name="talus_r_z">
						<!--Flag to turn on and off scaling for this measurement.-->
						<apply>true</apply>
						<!--Set of marker pairs used to determine the scale factors.-->
						<MarkerPairSet>
							<objects>
								<MarkerPair>
									<!--Names of two markers, the distance between which is used to compute a body scale factor.-->
									<markers> RANK RANM</markers>
								</MarkerPair>
							</objects>
							<groups />
						</MarkerPairSet>
						<!--Set of bodies to be scaled by this measurement.-->
						<BodyScaleSet>
							<objects>
								<BodyScale name="talus_r">
									<!--Axes (X Y Z) along which to scale a body. For example, 'X Y Z' scales along all three axes, and 'Y' scales just along the Y axis.-->
									<axes> Z</axes>
								</BodyScale>
							</objects>
							<groups />
						</BodyScaleSet>
					</Measurement>
					<Measurement name="talus_r_y">
						<!--Flag to turn on and off scaling for this measurement.-->
						<apply>true</apply>
						<!--Set of marker pairs used to determine the scale factors.-->
						<MarkerPairSet>
							<objects>
								<MarkerPair>
									<!--Names of two markers, the distance between which is used to compute a body scale factor.-->
									<markers> RHEE RANK</markers>
								</MarkerPair>
							</objects>
							<groups />
						</MarkerPairSet>
						<!--Set of bodies to be scaled by this measurement.-->
						<BodyScaleSet>
							<objects>
								<BodyScale name="talus_r">
									<!--Axes (X Y Z) along which to scale a body. For example, 'X Y Z' scales along all three axes, and 'Y' scales just along the Y axis.-->
									<axes> X Y</axes>
								</BodyScale>
							</objects>
							<groups />
						</BodyScaleSet>
					</Measurement>
					<Measurement name="talus_l_z">
						<!--Flag to turn on and off scaling for this measurement.-->
						<apply>true</apply>
						<!--Set of marker pairs used to determine the scale factors.-->
						<MarkerPairSet>
							<objects>
								<MarkerPair>
									<!--Names of two markers, the distance between which is used to compute a body scale factor.-->
									<markers> LANK LANM</markers>
								</MarkerPair>
							</objects>
							<groups />
						</MarkerPairSet>
						<!--Set of bodies to be scaled by this measurement.-->
						<BodyScaleSet>
							<objects>
								<BodyScale name="talus_l">
									<!--Axes (X Y Z) along which to scale a body. For example, 'X Y Z' scales along all three axes, and 'Y' scales just along the Y axis.-->
									<axes> Z</axes>
								</BodyScale>
							</objects>
							<groups />
						</BodyScaleSet>
					</Measurement>
					<Measurement name="talus_l_y">
						<!--Flag to turn on and off scaling for this measurement.-->
						<apply>true</apply>
						<!--Set of marker pairs used to determine the scale factors.-->
						<MarkerPairSet>
							<objects>
								<MarkerPair>
									<!--Names of two markers, the distance between which is used to compute a body scale factor.-->
									<markers> LANK LHEE</markers>
								</MarkerPair>
							</objects>
							<groups />
						</MarkerPairSet>
						<!--Set of bodies to be scaled by this measurement.-->
						<BodyScaleSet>
							<objects>
								<BodyScale name="talus_l">
									<!--Axes (X Y Z) along which to scale a body. For example, 'X Y Z' scales along all three axes, and 'Y' scales just along the Y axis.-->
									<axes> X Y</axes>
								</BodyScale>
							</objects>
							<groups />
						</BodyScaleSet>
					</Measurement>
					<Measurement name="calcn_r_y">
						<!--Flag to turn on and off scaling for this measurement.-->
						<apply>true</apply>
						<!--Set of marker pairs used to determine the scale factors.-->
						<MarkerPairSet>
							<objects>
								<MarkerPair>
									<!--Names of two markers, the distance between which is used to compute a body scale factor.-->
									<markers> RHEE RANK</markers>
								</MarkerPair>
							</objects>
							<groups />
						</MarkerPairSet>
						<!--Set of bodies to be scaled by this measurement.-->
						<BodyScaleSet>
							<objects>
								<BodyScale name="calcn_r">
									<!--Axes (X Y Z) along which to scale a body. For example, 'X Y Z' scales along all three axes, and 'Y' scales just along the Y axis.-->
									<axes> Y Z</axes>
								</BodyScale>
								<BodyScale name="toes_r">
									<!--Axes (X Y Z) along which to scale a body. For example, 'X Y Z' scales along all three axes, and 'Y' scales just along the Y axis.-->
									<axes> X Y Z</axes>
								</BodyScale>
							</objects>
							<groups />
						</BodyScaleSet>
					</Measurement>
					<Measurement name="calcn_l_y">
						<!--Flag to turn on and off scaling for this measurement.-->
						<apply>true</apply>
						<!--Set of marker pairs used to determine the scale factors.-->
						<MarkerPairSet>
							<objects>
								<MarkerPair>
									<!--Names of two markers, the distance between which is used to compute a body scale factor.-->
									<markers> LHEE LANK</markers>
								</MarkerPair>
							</objects>
							<groups />
						</MarkerPairSet>
						<!--Set of bodies to be scaled by this measurement.-->
						<BodyScaleSet>
							<objects>
								<BodyScale name="toes_l">
									<!--Axes (X Y Z) along which to scale a body. For example, 'X Y Z' scales along all three axes, and 'Y' scales just along the Y axis.-->
									<axes> X Y Z</axes>
								</BodyScale>
							</objects>
							<groups />
						</BodyScaleSet>
					</Measurement>
					<Measurement name="calcn_r_x">
						<!--Flag to turn on and off scaling for this measurement.-->
						<apply>true</apply>
						<!--Set of marker pairs used to determine the scale factors.-->
						<MarkerPairSet>
							<objects>
								<MarkerPair>
									<!--Names of two markers, the distance between which is used to compute a body scale factor.-->
									<markers> RHEE RTOE</markers>
								</MarkerPair>
							</objects>
							<groups />
						</MarkerPairSet>
						<!--Set of bodies to be scaled by this measurement.-->
						<BodyScaleSet>
							<objects>
								<BodyScale name="calcn_r">
									<!--Axes (X Y Z) along which to scale a body. For example, 'X Y Z' scales along all three axes, and 'Y' scales just along the Y axis.-->
									<axes> X</axes>
								</BodyScale>
							</objects>
							<groups />
						</BodyScaleSet>
					</Measurement>
					<Measurement name="calcn_l_x">
						<!--Flag to turn on and off scaling for this measurement.-->
						<apply>true</apply>
						<!--Set of marker pairs used to determine the scale factors.-->
						<MarkerPairSet>
							<objects>
								<MarkerPair>
									<!--Names of two markers, the distance between which is used to compute a body scale factor.-->
									<markers> LHEE LTOE</markers>
								</MarkerPair>
							</objects>
							<groups />
						</MarkerPairSet>
						<!--Set of bodies to be scaled by this measurement.-->
						<BodyScaleSet>
							<objects>
								<BodyScale name="calcn_l">
									<!--Axes (X Y Z) along which to scale a body. For example, 'X Y Z' scales along all three axes, and 'Y' scales just along the Y axis.-->
									<axes> X Y Z</axes>
								</BodyScale>
							</objects>
							<groups />
						</BodyScaleSet>
					</Measurement>
					<Measurement name="torso_x">
						<!--Flag to turn on and off scaling for this measurement.-->
						<apply>true</apply>
						<!--Set of marker pairs used to determine the scale factors.-->
						<MarkerPairSet>
							<objects>
								<MarkerPair>
									<!--Names of two markers, the distance between which is used to compute a body scale factor.-->
									<markers> STRN C7</markers>
								</MarkerPair>
							</objects>
							<groups />
						</MarkerPairSet>
						<!--Set of bodies to be scaled by this measurement.-->
						<BodyScaleSet>
							<objects>
								<BodyScale name="torso">
									<!--Axes (X Y Z) along which to scale a body. For example, 'X Y Z' scales along all three axes, and 'Y' scales just along the Y axis.-->
									<axes> X</axes>
								</BodyScale>
							</objects>
							<groups />
						</BodyScaleSet>
					</Measurement>
					<Measurement name="torso_y">
						<!--Flag to turn on and off scaling for this measurement.-->
						<apply>true</apply>
						<!--Set of marker pairs used to determine the scale factors.-->
						<MarkerPairSet>
							<objects>
								<MarkerPair>
									<!--Names of two markers, the distance between which is used to compute a body scale factor.-->
									<markers> C7 SACR</markers>
								</MarkerPair>
							</objects>
							<groups />
						</MarkerPairSet>
						<!--Set of bodies to be scaled by this measurement.-->
						<BodyScaleSet>
							<objects>
								<BodyScale name="torso">
									<!--Axes (X Y Z) along which to scale a body. For example, 'X Y Z' scales along all three axes, and 'Y' scales just along the Y axis.-->
									<axes> Y</axes>
								</BodyScale>
							</objects>
							<groups />
						</BodyScaleSet>
					</Measurement>
					<Measurement name="torso_z">
						<!--Flag to turn on and off scaling for this measurement.-->
						<apply>true</apply>
						<!--Set of marker pairs used to determine the scale factors.-->
						<MarkerPairSet>
							<objects>
								<MarkerPair>
									<!--Names of two markers, the distance between which is used to compute a body scale factor.-->
									<markers> LASI RASI</markers>
								</MarkerPair>
							</objects>
							<groups />
						</MarkerPairSet>
						<!--Set of bodies to be scaled by this measurement.-->
						<BodyScaleSet>
							<objects>
								<BodyScale name="torso">
									<!--Axes (X Y Z) along which to scale a body. For example, 'X Y Z' scales along all three axes, and 'Y' scales just along the Y axis.-->
									<axes> Z</axes>
								</BodyScale>
							</objects>
							<groups />
						</BodyScaleSet>
					</Measurement>
					<Measurement name="pelvis_x">
						<!--Flag to turn on and off scaling for this measurement.-->
						<apply>true</apply>
						<!--Set of marker pairs used to determine the scale factors.-->
						<MarkerPairSet>
							<objects>
								<MarkerPair>
									<!--Names of two markers, the distance between which is used to compute a body scale factor.-->
									<markers> SACR LASI</markers>
								</MarkerPair>
								<MarkerPair>
									<!--Names of two markers, the distance between which is used to compute a body scale factor.-->
									<markers> SACR RASI</markers>
								</MarkerPair>
							</objects>
							<groups />
						</MarkerPairSet>
						<!--Set of bodies to be scaled by this measurement.-->
						<BodyScaleSet>
							<objects>
								<BodyScale name="pelvis">
									<!--Axes (X Y Z) along which to scale a body. For example, 'X Y Z' scales along all three axes, and 'Y' scales just along the Y axis.-->
									<axes> X</axes>
								</BodyScale>
							</objects>
							<groups />
						</BodyScaleSet>
					</Measurement>
				</objects>
				<groups />
			</MeasurementSet>
			<!--Scale factors to be used for manual scaling.-->
			<ScaleSet>
				<objects>
					<Scale>
						<scales> 0.853013 0.663 0.663</scales>
						<segment>pelvis</segment>
						<apply>false</apply>
					</Scale>
					<Scale>
						<scales> 0.847561 0.847561 0.847561</scales>
						<segment>femur_r</segment>
						<apply>false</apply>
					</Scale>
					<Scale>
						<scales> 0.741991 0.741991 0.741991</scales>
						<segment>tibia_r</segment>
						<apply>false</apply>
					</Scale>
					<Scale>
						<scales> 0.859674 0.859674 0.859674</scales>
						<segment>femur_l</segment>
						<apply>false</apply>
					</Scale>
					<Scale>
						<scales> 0.737481 0.737481 0.737481</scales>
						<segment>tibia_l</segment>
						<apply>false</apply>
					</Scale>
				</objects>
				<groups />
			</ScaleSet>
			<!--TRC file (.trc) containing the marker positions used for measurement-based scaling. This is usually a static trial, but doesn't need to be.  The marker-pair distances are computed for each time step in the TRC file and averaged across the time range.-->
			<marker_file>markers_HJC.trc</marker_file>
			<!--Time range over which to average marker-pair distances in the marker file (.trc) for measurement-based scaling.-->
			<time_range> 0 0.006667</time_range>
			<!--Flag (true or false) indicating whether or not to preserve relative mass between segments.-->
			<preserve_mass_distribution>false</preserve_mass_distribution>
			<!--Name of OpenSim model file (.osim) to write when done scaling.-->
			<output_model_file>Unassigned</output_model_file>
			<!--Name of file to write containing the scale factors that were applied to the unscaled model (optional).-->
			<output_scale_file>Scale_output.xml</output_scale_file>
		</ModelScaler>
		<!--Specifies parameters for placing markers on the model once a model is scaled. -->
		<MarkerPlacer>
			<!--Whether or not to use the marker placer during scale-->
			<apply>true</apply>
			<!--Task set used to specify weights used in the IK computation of the static pose.-->
			<IKTaskSet>
				<objects>
					<IKMarkerTask name="RASI">
						<!--Whether or not this task will be used during inverse kinematics solve, default is true.-->
						<apply>true</apply>
						<!--Weight given to the task when solving inverse kinematics problems, default is 0.-->
						<weight>30</weight>
					</IKMarkerTask>
					<IKMarkerTask name="LASI">
						<!--Whether or not this task will be used during inverse kinematics solve, default is true.-->
						<apply>true</apply>
						<!--Weight given to the task when solving inverse kinematics problems, default is 0.-->
						<weight>30</weight>
					</IKMarkerTask>
					<IKMarkerTask name="SACR">
						<!--Whether or not this task will be used during inverse kinematics solve, default is true.-->
						<apply>true</apply>
						<!--Weight given to the task when solving inverse kinematics problems, default is 0.-->
						<weight>30</weight>
					</IKMarkerTask>
					<IKMarkerTask name="RHJC">
						<!--Whether or not this task will be used during inverse kinematics solve, default is true.-->
						<apply>false</apply>
						<!--Weight given to the task when solving inverse kinematics problems, default is 0.-->
						<weight>1</weight>
					</IKMarkerTask>
					<IKMarkerTask name="RT1">
						<!--Whether or not this task will be used during inverse kinematics solve, default is true.-->
						<apply>false</apply>
						<!--Weight given to the task when solving inverse kinematics problems, default is 0.-->
						<weight>0.5</weight>
					</IKMarkerTask>
					<IKMarkerTask name="RT2">
						<!--Whether or not this task will be used during inverse kinematics solve, default is true.-->
						<apply>false</apply>
						<!--Weight given to the task when solving inverse kinematics problems, default is 0.-->
						<weight>0.5</weight>
					</IKMarkerTask>
					<IKMarkerTask name="RT3">
						<!--Whether or not this task will be used during inverse kinematics solve, default is true.-->
						<apply>false</apply>
						<!--Weight given to the task when solving inverse kinematics problems, default is 0.-->
						<weight>0.5</weight>
					</IKMarkerTask>
					<IKMarkerTask name="RKNM">
						<!--Whether or not this task will be used during inverse kinematics solve, default is true.-->
						<apply>true</apply>
						<!--Weight given to the task when solving inverse kinematics problems, default is 0.-->
						<weight>20</weight>
					</IKMarkerTask>
					<IKMarkerTask name="RS1">
						<!--Whether or not this task will be used during inverse kinematics solve, default is true.-->
						<apply>false</apply>
						<!--Weight given to the task when solving inverse kinematics problems, default is 0.-->
						<weight>0.5</weight>
					</IKMarkerTask>
					<IKMarkerTask name="RS2">
						<!--Whether or not this task will be used during inverse kinematics solve, default is true.-->
						<apply>false</apply>
						<!--Weight given to the task when solving inverse kinematics problems, default is 0.-->
						<weight>0.5</weight>
					</IKMarkerTask>
					<IKMarkerTask name="RS3">
						<!--Whether or not this task will be used during inverse kinematics solve, default is true.-->
						<apply>false</apply>
						<!--Weight given to the task when solving inverse kinematics problems, default is 0.-->
						<weight>0.5</weight>
					</IKMarkerTask>
					<IKMarkerTask name="RANK">
						<!--Whether or not this task will be used during inverse kinematics solve, default is true.-->
						<apply>true</apply>
						<!--Weight given to the task when solving inverse kinematics problems, default is 0.-->
						<weight>10</weight>
					</IKMarkerTask>
					<IKMarkerTask name="RANM">
						<!--Whether or not this task will be used during inverse kinematics solve, default is true.-->
						<apply>true</apply>
						<!--Weight given to the task when solving inverse kinematics problems, default is 0.-->
						<weight>10</weight>
					</IKMarkerTask>
					<IKMarkerTask name="RHEE">
						<!--Whether or not this task will be used during inverse kinematics solve, default is true.-->
						<apply>true</apply>
						<!--Weight given to the task when solving inverse kinematics problems, default is 0.-->
						<weight>10</weight>
					</IKMarkerTask>
					<IKMarkerTask name="RTOE">
						<!--Whether or not this task will be used during inverse kinematics solve, default is true.-->
						<apply>true</apply>
						<!--Weight given to the task when solving inverse kinematics problems, default is 0.-->
						<weight>10</weight>
					</IKMarkerTask>
					<IKMarkerTask name="RKJC">
						<!--Whether or not this task will be used during inverse kinematics solve, default is true.-->
						<apply>false</apply>
						<!--Weight given to the task when solving inverse kinematics problems, default is 0.-->
						<weight>1</weight>
					</IKMarkerTask>
					<IKMarkerTask name="RAJC">
						<!--Whether or not this task will be used during inverse kinematics solve, default is true.-->
						<apply>false</apply>
						<!--Weight given to the task when solving inverse kinematics problems, default is 0.-->
						<weight>1</weight>
					</IKMarkerTask>
					<IKMarkerTask name="RKNE">
						<!--Whether or not this task will be used during inverse kinematics solve, default is true.-->
						<apply>true</apply>
						<!--Weight given to the task when solving inverse kinematics problems, default is 0.-->
						<weight>20</weight>
					</IKMarkerTask>
					<IKMarkerTask name="LTOE">
						<!--Whether or not this task will be used during inverse kinematics solve, default is true.-->
						<apply>true</apply>
						<!--Weight given to the task when solving inverse kinematics problems, default is 0.-->
						<weight>10</weight>
					</IKMarkerTask>
					<IKMarkerTask name="LAJC">
						<!--Whether or not this task will be used during inverse kinematics solve, default is true.-->
						<apply>false</apply>
						<!--Weight given to the task when solving inverse kinematics problems, default is 0.-->
						<weight>1</weight>
					</IKMarkerTask>
					<IKMarkerTask name="LHEE">
						<!--Whether or not this task will be used during inverse kinematics solve, default is true.-->
						<apply>true</apply>
						<!--Weight given to the task when solving inverse kinematics problems, default is 0.-->
						<weight>10</weight>
					</IKMarkerTask>
					<IKMarkerTask name="LANK">
						<!--Whether or not this task will be used during inverse kinematics solve, default is true.-->
						<apply>true</apply>
						<!--Weight given to the task when solving inverse kinematics problems, default is 0.-->
						<weight>10</weight>
					</IKMarkerTask>
					<IKMarkerTask name="LANM">
						<!--Whether or not this task will be used during inverse kinematics solve, default is true.-->
						<apply>true</apply>
						<!--Weight given to the task when solving inverse kinematics problems, default is 0.-->
						<weight>10</weight>
					</IKMarkerTask>
					<IKMarkerTask name="LS2">
						<!--Whether or not this task will be used during inverse kinematics solve, default is true.-->
						<apply>false</apply>
						<!--Weight given to the task when solving inverse kinematics problems, default is 0.-->
						<weight>0.5</weight>
					</IKMarkerTask>
					<IKMarkerTask name="LS3">
						<!--Whether or not this task will be used during inverse kinematics solve, default is true.-->
						<apply>false</apply>
						<!--Weight given to the task when solving inverse kinematics problems, default is 0.-->
						<weight>0.5</weight>
					</IKMarkerTask>
					<IKMarkerTask name="LS1">
						<!--Whether or not this task will be used during inverse kinematics solve, default is true.-->
						<apply>false</apply>
						<!--Weight given to the task when solving inverse kinematics problems, default is 0.-->
						<weight>0.5</weight>
					</IKMarkerTask>
					<IKMarkerTask name="LKNM">
						<!--Whether or not this task will be used during inverse kinematics solve, default is true.-->
						<apply>true</apply>
						<!--Weight given to the task when solving inverse kinematics problems, default is 0.-->
						<weight>20</weight>
					</IKMarkerTask>
					<IKMarkerTask name="LKJC">
						<!--Whether or not this task will be used during inverse kinematics solve, default is true.-->
						<apply>false</apply>
						<!--Weight given to the task when solving inverse kinematics problems, default is 0.-->
						<weight>1</weight>
					</IKMarkerTask>
					<IKMarkerTask name="LKNE">
						<!--Whether or not this task will be used during inverse kinematics solve, default is true.-->
						<apply>true</apply>
						<!--Weight given to the task when solving inverse kinematics problems, default is 0.-->
						<weight>20</weight>
					</IKMarkerTask>
					<IKMarkerTask name="LT1">
						<!--Whether or not this task will be used during inverse kinematics solve, default is true.-->
						<apply>false</apply>
						<!--Weight given to the task when solving inverse kinematics problems, default is 0.-->
						<weight>0.5</weight>
					</IKMarkerTask>
					<IKMarkerTask name="LT2">
						<!--Whether or not this task will be used during inverse kinematics solve, default is true.-->
						<apply>false</apply>
						<!--Weight given to the task when solving inverse kinematics problems, default is 0.-->
						<weight>0.5</weight>
					</IKMarkerTask>
					<IKMarkerTask name="LT3">
						<!--Whether or not this task will be used during inverse kinematics solve, default is true.-->
						<apply>false</apply>
						<!--Weight given to the task when solving inverse kinematics problems, default is 0.-->
						<weight>0.5</weight>
					</IKMarkerTask>
					<IKMarkerTask name="LHJC">
						<!--Whether or not this task will be used during inverse kinematics solve, default is true.-->
						<apply>false</apply>
						<!--Weight given to the task when solving inverse kinematics problems, default is 0.-->
						<weight>1</weight>
					</IKMarkerTask>
					<IKMarkerTask name="CLAV">
						<!--Whether or not this task will be used during inverse kinematics solve, default is true.-->
						<apply>true</apply>
						<!--Weight given to the task when solving inverse kinematics problems, default is 0.-->
						<weight>1</weight>
					</IKMarkerTask>
					<IKMarkerTask name="STRN">
						<!--Whether or not this task will be used during inverse kinematics solve, default is true.-->
						<apply>true</apply>
						<!--Weight given to the task when solving inverse kinematics problems, default is 0.-->
						<weight>1</weight>
					</IKMarkerTask>
					<IKMarkerTask name="T10">
						<!--Whether or not this task will be used during inverse kinematics solve, default is true.-->
						<apply>true</apply>
						<!--Weight given to the task when solving inverse kinematics problems, default is 0.-->
						<weight>1</weight>
					</IKMarkerTask>
					<IKMarkerTask name="RBAK">
						<!--Whether or not this task will be used during inverse kinematics solve, default is true.-->
						<apply>false</apply>
						<!--Weight given to the task when solving inverse kinematics problems, default is 0.-->
						<weight>1</weight>
					</IKMarkerTask>
					<IKMarkerTask name="C7">
						<!--Whether or not this task will be used during inverse kinematics solve, default is true.-->
						<apply>true</apply>
						<!--Weight given to the task when solving inverse kinematics problems, default is 0.-->
						<weight>1</weight>
					</IKMarkerTask>
				</objects>
				<groups />
			</IKTaskSet>
			<!--TRC file (.trc) containing the time history of experimental marker positions (usually a static trial).-->
			<marker_file>markers_HJC.trc</marker_file>
			<!--Name of file containing the joint angles used to set the initial configuration of the model for the purpose of placing the markers. These coordinate values can also be included in the optimization problem used to place the markers. Before the model markers are placed, a single frame of an inverse kinematics (IK) problem is solved. The IK problem can be solved simply by matching marker positions, but if the model markers are not in the correct locations, the IK solution will not be very good and neither will marker placement. Alternatively, coordinate values (specified in this file) can be specified and used to influence the IK solution. This is valuable particularly if you have high confidence in the coordinate values. For example, you know for the static trial the subject was standing will all joint angles close to zero. If the coordinate set (see the CoordinateSet property) contains non-zero weights for coordinates, the IK solution will try to match not only the marker positions, but also the coordinates in this file. Least-squared error is used to solve the IK problem. -->
			<coordinate_file>Unassigned</coordinate_file>
			<!--Time range over which the marker positions are averaged.-->
			<time_range> 0 0.006667</time_range>
			<!--Name of the motion file (.mot) written after marker relocation (optional).-->
			<output_motion_file>static_output.mot</output_motion_file>
			<!--Output OpenSim model file (.osim) after scaling and maker placement.-->
			<output_model_file>..\Rajagopal2015_os4_UniVie_scaled.osim</output_model_file>
			<!--Output marker set containing the new marker locations after markers have been placed.-->
			<output_marker_file>static_output.trc</output_marker_file>
			<!--Maximum amount of movement allowed in marker data when averaging frames of the static trial. A negative value means there is not limit.-->
			<max_marker_movement>-1</max_marker_movement>
		</MarkerPlacer>
	</ScaleTool>
</OpenSimDocument>
