<?xml version="1.0" encoding="UTF-8" ?>
<OpenSimDocument Version="40000">
	<ExternalLoads name="externalloads">
		<objects>
			<ExternalForce name="grf_r_2">
				<!--Name of the body the force is applied to.-->
				<applied_to_body>calcn_r</applied_to_body>
				<!--Name of the body the force is expressed in (default is ground).-->
				<force_expressed_in_body>ground</force_expressed_in_body>
				<!--Name of the body the point is expressed in (default is ground).-->
				<point_expressed_in_body>ground</point_expressed_in_body>
				<!--Identifier (string) to locate the force to be applied in the data source.-->
				<force_identifier>ground_force_2_v</force_identifier>
				<!--Identifier (string) to locate the point to be applied in the data source.-->
				<point_identifier>ground_force_2_p</point_identifier>
				<!--Identifier (string) to locate the torque to be applied in the data source.-->
				<torque_identifier>ground_moment_2_m</torque_identifier>
				<!--Name of the data source (Storage) that will supply the force data.-->
				<data_source_name>grf</data_source_name>
			</ExternalForce>
			<ExternalForce name="grf_l_1">
				<!--Name of the body the force is applied to.-->
				<applied_to_body>calcn_l</applied_to_body>
				<!--Name of the body the force is expressed in (default is ground).-->
				<force_expressed_in_body>ground</force_expressed_in_body>
				<!--Name of the body the point is expressed in (default is ground).-->
				<point_expressed_in_body>ground</point_expressed_in_body>
				<!--Identifier (string) to locate the force to be applied in the data source.-->
				<force_identifier>ground_force_1_v</force_identifier>
				<!--Identifier (string) to locate the point to be applied in the data source.-->
				<point_identifier>ground_force_1_p</point_identifier>
				<!--Identifier (string) to locate the torque to be applied in the data source.-->
				<torque_identifier>ground_moment_1_m</torque_identifier>
				<!--Name of the data source (Storage) that will supply the force data.-->
				<data_source_name>grf</data_source_name>
			</ExternalForce>
			<ExternalForce name="grf_l_3">
				<!--Name of the body the force is applied to.-->
				<applied_to_body>calcn_l</applied_to_body>
				<!--Name of the body the force is expressed in (default is ground).-->
				<force_expressed_in_body>ground</force_expressed_in_body>
				<!--Name of the body the point is expressed in (default is ground).-->
				<point_expressed_in_body>ground</point_expressed_in_body>
				<!--Identifier (string) to locate the force to be applied in the data source.-->
				<force_identifier>ground_force_3_v</force_identifier>
				<!--Identifier (string) to locate the point to be applied in the data source.-->
				<point_identifier>ground_force_3_p</point_identifier>
				<!--Identifier (string) to locate the torque to be applied in the data source.-->
				<torque_identifier>ground_moment_3_m</torque_identifier>
				<!--Name of the data source (Storage) that will supply the force data.-->
				<data_source_name>grf</data_source_name>
			</ExternalForce>
		</objects>
		<!--Storage file (.sto) containing (3) components of force and/or torque and point of application.Note: this file overrides the data source specified by the individual external forces if specified.-->
		<datafile>C:\Users\u0130218\Documents\KU_Leuven\conferences\ESMAC_2023\osimws\data\research_data-main\ESMAC_2023\input\ID\grf.mot</datafile>
	</ExternalLoads>
</OpenSimDocument>
