<?xml version="1.0" encoding="UTF-8" ?>
<OpenSimDocument Version="40000">
	<AnalyzeTool>
		<!--Name of the .osim file used to construct a model.-->
		<model_file>../../models/P03_scaled.osim</model_file>
		<!--Replace the model's force set with sets specified in <force_set_files>? If false, the force set is appended to.-->
		<replace_force_set>false</replace_force_set>
		<!--List of xml files used to construct a force set for the model.-->
		<force_set_files> C:/Users/u0130218/Documents/KU_Leuven/conferences/ESMAC_2023/osimws/data/research_data-main/ESMAC_2023/input/JRA/../SO/SO_actuators.xml</force_set_files>
		<!--Directory used for writing results.-->
		<results_directory>C:/Users/u0130218/Documents/KU_Leuven/conferences/ESMAC_2023/osimws/data/research_data-main/ESMAC_2023/input/JRA/../../output/JRA</results_directory>
		<!--Output precision.  It is 8 by default.-->
		<output_precision>8</output_precision>
		<!--Initial time for the simulation.-->
		<initial_time>2.3066666699999998</initial_time>
		<!--Final time for the simulation.-->
		<final_time>3.2133333300000002</final_time>
		<!--Flag indicating whether or not to compute equilibrium values for states other than the coordinates or speeds.  For example, equilibrium muscle fiber lengths or muscle forces.-->
		<solve_for_equilibrium_for_auxiliary_states>false</solve_for_equilibrium_for_auxiliary_states>
		<!--Maximum number of integrator steps.-->
		<maximum_number_of_integrator_steps>20000</maximum_number_of_integrator_steps>
		<!--Maximum integration step size.-->
		<maximum_integrator_step_size>1</maximum_integrator_step_size>
		<!--Minimum integration step size.-->
		<minimum_integrator_step_size>1e-08</minimum_integrator_step_size>
		<!--Integrator error tolerance. When the error is greater, the integrator step size is decreased.-->
		<integrator_error_tolerance>1.0000000000000001e-05</integrator_error_tolerance>
		<!--Set of analyses to be run during the investigation.-->
		<AnalysisSet name="Analyses">
			<objects>
				<JointReaction name="joint reaction analysis">
					<!--Flag (true or false) specifying whether on. True by default.-->
					<on>true</on>
					<!--Start time.-->
					<start_time>2.3066666699999998</start_time>
					<!--End time.-->
					<end_time>3.2133333300000002</end_time>
					<!--Specifies how often to store results during a simulation. More specifically, the interval (a positive integer) specifies how many successful integration steps should be taken before results are recorded again.-->
					<step_interval>1</step_interval>
					<!--Flag (true or false) indicating whether the results are in degrees or not.-->
					<in_degrees>true</in_degrees>
					<!--The name of a file containing forces storage. If a file name is provided, the forces for all actuators will be applied according to values specified in the forces_file instead of being computed from the states. This option should be used to calculate joint reactions from static optimization results.-->
					<forces_file></forces_file>
					<!--Names of the joints on which to perform the analysis. The key word 'All' indicates that the analysis should be performed for all joints.-->
					<joint_names> all</joint_names>
					<!--Choice of body ('parent' or 'child') for which the reaction loads are calculated. Child body is default. The array must either have one entry or the same number of entries as joints specified above. If the array has one entry only, that selection is applied to all chosen joints.-->
					<apply_on_bodies> parent</apply_on_bodies>
					<!--Names of frames in which the calculated reactions are expressed, or the keyword 'child' or 'parent' to indicate the joint's 'child' or 'parent' Frame. ground is default. If a Frame named 'child' or 'parent' exists and the keyword 'child' or 'parent' is used, the analysis will use that Frame. The array must either have one entry or the same number of entries as joints specified above. If the array has one entry only, that selection is applied to all chosen joints.-->
					<express_in_frame> parent</express_in_frame>
				</JointReaction>
			</objects>
			<groups />
		</AnalysisSet>
		<!--Controller objects in the model.-->
		<ControllerSet name="Controllers">
			<objects>
				<ControlSetController>
					<!--A Storage (.sto) or an XML control nodes file containing the controls for this controlSet.-->
					<controls_file>../../output/SO/_StaticOptimization_controls.xml</controls_file>
				</ControlSetController>
			</objects>
			<groups />
		</ControllerSet>
		<!--XML file (.xml) containing the forces applied to the model as ExternalLoads.-->
		<external_loads_file>C:/Users/u0130218/Documents/KU_Leuven/conferences/ESMAC_2023/osimws/data/research_data-main/ESMAC_2023/input/JRA/../ID/GRF_BAK.xml</external_loads_file>
		<!--Storage file (.sto) containing the time history of states for the model. This file often contains multiple rows of data, each row being a time-stamped array of states. The first column contains the time.  The rest of the columns contain the states in the order appropriate for the model. In a storage file, unlike a motion file (.mot), non-uniform time spacing is allowed.  If the user-specified initial time for a simulation does not correspond exactly to one of the time stamps in this file, interpolation is NOT used because it is sometimes necessary to use an exact set of states for analyses.  Instead, the closest earlier set of states is used.-->
		<states_file />
		<!--Motion file (.mot) or storage file (.sto) containing the time history of the generalized coordinates for the model. These can be specified in place of the states file.-->
		<coordinates_file>C:/Users/u0130218/Documents/KU_Leuven/conferences/ESMAC_2023/osimws/data/research_data-main/ESMAC_2023/input/JRA/../../output/IK/ik.mot</coordinates_file>
		<!--Storage file (.sto) containing the time history of the generalized speeds for the model. If coordinates_file is used in place of states_file, these can be optionally set as well to give the speeds. If not specified, speeds will be computed from coordinates by differentiation.-->
		<speeds_file />
		<!--Low-pass cut-off frequency for filtering the coordinates_file data (currently does not apply to states_file or speeds_file). A negative value results in no filtering. The default value is -1.0, so no filtering.-->
		<lowpass_cutoff_frequency_for_coordinates>6</lowpass_cutoff_frequency_for_coordinates>
	</AnalyzeTool>
</OpenSimDocument>
